Signal,PredSpeed
B10,1021.62214691814
C14,819.386949347468
