Signal,PredPower
C13,398.594394144447
C14,330.943905813462
C9,312.84981694747
